あ,い,う,え,お,か,き,く,け,こ,さ,し,す,せ,そ,た,ち,つ,て,と,な,に,ぬ,ね,の,は,ひ,ふ,へ,ほ,ま,み,む,め,も,や,ゆ,よ,ら,り,る,れ,ろ,わ,ん,が,ぎ,ぐ,げ,ご,ざ,じ,ず,ぜ,ぞ,だ,づ,で,ど,ば,び,ぶ,べ,ぼ,ぱ,ぴ,ぷ,ぺ,ぽ
あーもんど,い（胃）,ういるす,え,お,か,き,く,け,こ,さーかす,し,す,せ,そいね,たーげっと,ち,つあー,て,とい,なーすこーる,に,ぬいいと,ね,のいず,は,ひ,ふぁいあ/ふぁいや/ふぁいやー,へ,ほ,まーち,み,む,め,も,や,ゆ,よあけ,らーど,りあかー,るあー,れあ,ろいやるみるくてぃー,わ,,が,ぎあ,ぐ,げい,ご,ざい,じーんず,ず,ぜい,ぞう,だーつ,づけ,であい,ど,ばー,びーえす,ぶあいそう,べあ,ぼいこっと,ぱー,ぴあす,ぷーあるちゃ,ぺあ,ぽいすて
あい,いいあらそい,ういろう,えあぎたー,おあしす,かーど,きあい,くいいじ,けあな,こあら,さーち,しあい,す,せあかこけぐも,そういれば,たーぼ,ちありーだー,ついか,てあし,といれ,ないか,にいにいぜみ,ぬいぐるみ,ねあがり,のいちご,は／はっぱ,ひあそび,ふぁいと,へあー,ほいーる,まーぼーどうふ,みあい,む,め,もあい,やいば,ゆいごんしょ,よあそび,らーめんや,しょうりきょうしつ,るい,れあちーずけーき,ろうか,わーるど,,がーぜ,ぎしき,ぐあい,げい,ごう,ざいあく,じえいたい,ずいいち,ぜいこみ,ぞう,だい,づら,でぃーぷきす,どあ,ばーがー,びーかー,ぶいやべーす,べいくどちーずけーき,ぼいす,ぱーかー,ぴあにか,ぷーどる,ぺあちけっと,ぽいんと
あいあい,いいつたえ,ういんかー,えあばっぐ,おあずけ,かーなび,きいろ,くいしんぼう,けいえい,こい,さーびす,しあげ,すあな,せあぶら,そうかい,たい,ちい,ついせき,てあて,といれっとぺーぱー,ないしょ,におい,ぬいしろ,ねあげ,のう,はーと,ひいき,ふぁいなる,へああくせさりー,ほいくし,まーぼーなす,みーと,むいか,めあて,もうう,やえば,ゆー,よい,らーゆ,りありてぃ／りありてぃー,るい,れい,ろうか,わーるどかっぷ,,がーでにんぐ,ぎしゅ,ぐあむ,げいじゅつ,ごうい,ざいこ,じぇすちゃー,ずいしょ,ぜいたく,ぞうか,だいあもんど／だいやもんど,,でいさーびす,どあのぶ,ばーちゃる,びーきゅう,ぶーいんぐ,べいぐんきち,ぼいすっちぇんじゃー,ぱーきんぐ,ぴあにすと,ぷーる,ぺありんぐ,ぽえむ
あいさつ,いいなおし,ういんなー,えあめーる,おいうち,かーぺっと,きうい,くいず,けいかい,こい,さい,しいく,すいーつ,せいか,そうがんきょう,たい,ちいき,ついったー,てあらい,とうがらし,ないしょく,にかい,ぬいばり,ねあせ,のう／のうがく,はーもにか,ひーたー,ふぁいる,へあーすたいる,ほいくしょ,まーぼーはるさめ,みーとそーす,むいしき,めい,もうけ,やおや,ゆううつ,よう,らいう,りある,るいーじ,れい,ろうがんきょう,わいしゃつ,,がーど,ぎじゅつ,ぐーぐる,げいじゅつか,ごうかく,ざいこう,じぇっと,ずいずいずっころばし,ぜいにく,ぞうか,だいえっと,,でぃすかうんとすとあ,どいつ,ばーてんだー,びーきゅうぐるめ,ぶーけ,べいこく,ぼいすとれーにんぐ,ぱーく,ぴあにっしも,ぷーるさいど,ぺあるっく,ぽーかー
あいす,いいなり,うーる,えあろびくす,おいかぜ,かい,きおく,くいにげ,けいかく,こいごころ,さいあく,しーそー,すいえい,せいか,そうぎ,たいあたり,ちーず,ついんてーる,てぃーかっぷ,とうき,ないしょばなし,にかいだて,ぬいめ,ねいき,のうか,はい,ひーろー,ふぁすなー,へああれんじ,ほいっする,まーまれーど／ままれーど,みーとぱい,むーす,めいおうせい,もうこうげき,やがい,ゆうえんち,ようい,らいがっき,りあるたいむ,るいけい,れいあうと,ろうご,わいどしょー,,がーねっと,ぎじゅつしゃ,ぐーぐるまっぷ,げーと,ごうけい,ざいこうせい,じぇっとこーすたー,ずうたい,ぜいべつ,ぞうかんごう,だいおう,,でぃすく,どいつご,ばーなー,びーじーえむ,ぶーつ,べいすたーず,ぼいすめも,ぱーせんと,ぴあの,ぷーるばっぐ,ぺいんと,ぽーかーふぇいす
あいず,いいわけ,うーろんちゃ,えい,おいたち,かいいぬ,きかい,くいもの,けいき,こいし,さいかい,しいたけ,すいか,せいかい,そうぐう,たいいく,ちーたー,つー,てぃーしゃつ,とうきゅう,ないぞう,にがおえ,ぬいもの,ねいるあーと,のうかい,はい,ひえしょう,ふぁっくす,へあからー,ほいっぷ,まいく,みーとぼーる,むーど,めいが,もうしこみ,やがいかつどう,ゆうかい,ようか,らいき,りーぐ,るいご,れいかい,ろうじんほーむ,わいぱー,,がーりっく,ぎせい,ぐうすう,げーとぼーる,ごうじょう,ざいしつ,じぇらーと,ずーむ,ぜいむしょ,ぞうき,だいおういか,,でぃずにー,どう,ばーにゃかうだー,びーず,ぶーむ,べいまっくす,ぼいすれこーだー,ぱーそなるこんぴゅーたー,ぴあのきょうしつ,ぷちとまと,ぺーじ,ぽーく
あいすてぃー,いいんかい,うえ,えいが,おいる,かいが,きがえ,くうき,けいけんち,こいぬ,さいがい,しーとべると,すいしゃ,せいかく,そうげい,たいいくずわり,ちーむ,つうがく,てぃーばっく,とうぎゅう,ないたー,にがみ,ぬー,ねいろ,のうきぐ,はいいろ,ひかえしつ,ふぁっしょんもでる,へあすぷれー,ほいるやき,まいこ,みいら,むーどめーかー,めいがら,もうしこみしょ,やかた,ゆうがた,ようが,らいきゃく,りーだー,るいじ,れいがい,ろうそく,わいふ,,がーりっくとーすと,ぎせいしゃ,ぐうたら,げーむ,ごうせい,ざいじゅう,じぇらしー,ずーむ,ぜうす,ぞうきいしょく,だいがく,,でぃずにーらんど,どう,ばーびー,びーすと,ぶか,べーかりー,ぼいらー,ぱーつ,ぴーあーる,ぷっしゅ,ぺーす,ぽーくういんなー
あいすほっけー,いいんちょう,うぇあ,えいかいわ,おいわい,かいがい,きかんしゃ,くうきいれ,けいこ,こいびと,さいきょう,しお,すいす,せいかく,そうげいばす,たいおんけい,ちえ,つーしょっと,ていきゅうび,とうきょう,ないと,にきさく,ぬーど,ねえさま,のうぎょう,はいえな,ひかえめ,ふぁみりー,へあばんど,ほうい,まいご,みうごき,むーびー,めいきゅう,もうじゃ,やかたぶね,ゆーかり,ようかい,らいげつ,りーだーしっぷ,るいじゅうろくせい,れいぎ,ろうどう,わいやー,,がーりっくらいす,ぎそう,ぐざい,げーむおーばー,ごうぞく,ざいす,じかい,ずーむあっぷ,ぜくしぃ,ぞうきばやし,だいがくいも,,でぃすぷれい,どうい,ばーる,びーだま,ぶかつ,べーきんぐぱうだー,ぼいる,ぱーてぃー,ぴーく,ぷでぃんぐ,ぺーすと,ぽーくかれー
あいて,いえ,うえすと,えいがかんとく,おうこく,かいがら,ききて,くうこう,けいご,こいんらんどりー,さいく,しおやき,すいせい,せいかつ,そうこ,たいがー,ちぇあ,つうしんはんばい,ていくあうと,とうきょうたわー,ないふ,にきび,ぬーどる,ねーぶる,のうぐ,はいき,ひがえり,ふぁみりーかー,へあぶらし,ほうい,まいたけ,みうち,むーるがい,めいきょく,もうじゅう,やぎ,ゆうき,ようかいうぉっち,らいしゅう,りーち,るいぼすてぃー,れいぎさほう,ろうどうくみあい,わいやれす,,がーる,ぎそく,ぐず,げーむき,ごうだつ,ざいせい,じかく,ずが,ぜっかい,ぞうきんがけ,だいがくせい,,でぃなー,どうが,ばい,びーち,ぶかっこう,べーぐる,ぼう,ぱーと,ぴーす,ぷらいすれす,ぺーすめーかー,ぽーくそてー
あいであ,いえき,うえはーす,えいきゅうし,おうさま,かいけつ,ききゅう,くうそう,けいこうとう,こいんろっかー,さいご,しおり,すいそ,せいぎ,そうこう,たいかい,ちぇす,つうしんぼ,ていこう,とうげ,ないぶ,にぎり,ぬーぶら,ねーむ,のうげかい,はいきんぐ,ひがえりりょこう,ふぁみりーまーと,へあめいく,ほうか,まいなす,みえ,むーんうぉーく,めいく,もうちょう,やきいも,ゆうぐ,ようがく,らいす,りえき,るー,れいきゃく,ろうどうしゃ,わいろ,,がい,ぎたー,ぐち,げーむせっと,ごうてい,ざいたく,じかせい,ずかい,ぜっきょう,ぞうげ,だいがくのーと,,でぃふぇんす,どうき,ばいく,びーちさんだる,ぶき,べーこんえっぐ,ぼうえい,ぱーとなー,ぴーたーらびっと,ぷらいど,ぺーぱー,ぽーくぴっつ
あいどる,いえで,うぉーきんぐ,えいご,おうじょ,かいこ,きく,くうちゅう,けいこく,こうか,さいこう,しか,すいそう,せいご,そうごう,たいけつ,ちぇっく,つうちひょう,ていさつ,とうげい,ないよう,にぎりこぶし,ぬか,ねおき,のうさいぼう,はいく,ひかく,ふぁんくらぶ,へい,ほうがく,まうす,みえっぱり,むえんばたー,めいくぶらし,もうどく,やきいも,ゆうぐれ,ようがし,らいせ,りか,るーきー,れいきゅうしゃ,ろうどく,わいんぐらす,,がいき,ぎたーけーす,ぐっず,げーむせんたー,ごうとう,ざいたくわーく,じがぞう,ずがいこつ,ぜっく,ぞうご,だいかぞく,,でいりー,どうきゅうせい,ばいたる,びーちぱらそる,ぶきよう,べーこんすらいす,ぼうえんきょう,ぱーふぇくと,ぴーち,ぷらいばしー,ぺーぱーたおる,ぽーず
あうと,いおう,うおざ,えいせい,おうて,かいしゃ,きぐるみ,くうはく,けいさつ,こうきゅう,さいこぱす,しかい,すいっち,せいこう,そうごうかくとうぎ,たいこ,ちぇっくぽいんと,つーりんぐ,ていしゅ,とうけつ,なえ,にぎりずし,ぬかあぶら,ねがい,のうさぎ,はいしゃ,ひかげ,ふあんてい,へい,ほうかご,まうんてんばいく,みおくり,むかい,めいさく,もうはつ,やきがし,ゆうげんがいしゃ,ようき,らいせんす,りかい,るーじゅ,れいしゃぶ,ろうにんぎょう,わうわう,,がいこく,ぎたりすと,ぐっど,げーむめーかー,ごうどう,ざいてく,じかび,ずけい,ぜっけい,ぞうしょく,だいきち,,でいりぐち,どうぐ,ばいと,びーちばれー,ぶさいく,べーこんちーず,ぼうか,ぱーぷる,ぴーちひめ,ぷらいべーと,ぺーぱーてすと,ぽーたぶる
あお,いか,うぉしゅれっと,えいせい,おえかき,かいじゅう,きごう,くうふく,けいさつしょ,こうぐ,さいころ,しかい,すいてき,せいざ,そうさ,たいしぼう,ちえのわ,つーる,ていしゅつ,とうこう,なえぎ,にぎりめし,ぬかどこ,ねがいごと,のうさぎょう,はいすいこう,ひがさ,ふぃーばー,へいあんじだい,ほうがんし,まえおき,みおとし,むかいかぜ,めいし,もうひつ,やぎざ,ゆうこう,ようぎしゃ,らいたー,りかしゃかい,るーず,れいすい,ろうば,わえいじしょ,,がいこくご,ぎちょう,ぐっどたいみんぐ,げお,ごうよく,ざいばつ,じかんぎれ,ずけいもんだい,ぜっこう,ぞうじるし,だいきぼ,,でーと,どうくつ,ばいにく,びーなす,ぶざま,べーこんぶろっく,ぼうがい,ぱーる,ぴーてぃーえー,ぷらいべーとるーむ,ぺーぱーどらいばー,ぽーち
あおおに,いかいよう,うかい,えいぞう,おおあたり,かいじょう,きこり,くーらー,けいさんかーど,こうこう,さいしょ,しがい,すいとう,せいざ,そうざい,たいじゅう,ちぇりー,つうろ,ていしょく,とうこうきょひ,なか,にく,ぬかぶくろ,ねがえり,のうさく,はいすこあ,ひがし,ふぃぎゅあ,へいか,ほうき,まえかがみ,みおぼえ,むかいがわ,めいじ,もうふ,やきざかな,ゆーざー,ようきゅう,らいだー,りきし,るーずそっくす,れいぞう,ろうひ,わおんかーど,,がいこつ,ぎっくりごし,ぐっぴー,げか,ごうりゅう,ざいほう,じかんたい,ずこう,ぜっこうちょう,ぞうすい,だいきゅう,,でおくれ,どうぐばこ,ばいばい,びーばー,ぶし,べーこんれたすばーがー,ぼうかしゃったー,ぱい,ぴーなっつ／ぴーなつ,ぷらかーど,ぺがさす,ぽーる
あおむし,いがく,うき,えいぷりるふーる,おおあめ,かいすい,きじ,くえすちょんまーく,けいさんき,こうこく,さいず,しかく,すいどう,せいさんかっけい,そうさく,たいじゅうけい,ちぇろ,つうわ,てぃっしゅ,とうざい,ながいき,にくきゅう,ぬかみそ,ねがお,のうさくぶつ／のうさくもつ,はいたつ,ひかり,ふぃっしゅばーがー,へいかいしき,ほうこう,まえかけ,みかえり,むかえ,めいしいれ,もえかす,やきそば,ゆうしゃ,ようし,らいち,りきせつ,るーずりーふ,れいぞうこ,ろうふうふ,わかがえり,,がいしゃ,ぎねすきろく,ぐみ,げかい,ごーかーと,ざいむしょう,じかんわり,ずこうしつ,ぜっしょく,ぞうせつこうじ,だいく,,でかせぎ,どうこう,ばいぱす,びーふ,ぶじ,べーしっく,ぼうかんぐ,ぱいおにあ,ぴーなっつばたー／ぴーなつばたー,ぷらぐ,ぺきんだっく,ぽかりすうぇっと
あか,いかさま,うくれれ,えいまきとかげ,おおあれ,かいすいよく,きしゃ,くがつ,けいさんちがい,こうさく,さいせい,しかく,すいはんき,せいし,そうしき,たいしょう,ちぇんじ,つえ,てぃっしゅぺーぱー,とうざいなんぼく,ながいす,にくしみ,ぬかるみ,ねぎ,のうさんぶつ,はいたっち,ひがんばな,ふうしゃ,へいき,ほうこうおんち,まえがみ,みがき,むかし,めいしょ,もえるごみ,やきとり,ゆうしょう,ようじ,らいと,りきゅーる,るーたー,れいだい,ろうや,わかくさものがたり,,がいしゅう,ぎねすぶっく,ぐらいだー,げき,ごーぐる,ざいらい,じきゅう,ずしき,ぜったい,ぞうちく,だいけい,,できあい,どうさ,ばいぶ,びーふかれー,ぶしつ,べーじゅ,ぼうぎょ,ぱいしーと,ぴーらー,ぷらす,ぺけ,ぽけっと
あかおに,いかさまし,うけつけ,えいゆう,おおさか,かいすう,きす,くき,けいさんどりる,こうし,さいせんばこ,しかけ,すいみんぐ,せいし,そうじき,たいじょう,ちか,つかいすて,ていど,とうさく,ながぐつ,にくじゃが,ぬきあし,ねぎとろ,のうしゃ,はいひーる,ひきあげ,ふうしゅう,へいき,ほうこうざい,まえば,みかく,むかしばなし,めいじんげい,もーたー,やきにく,ゆうじょう,ようじ,らいとあっぷ,りきりょう,るーつ,れいだんぼう,ろうりょく,わがし,,がいしゅつ,ぎのう,ぐらうんど,げきじょう,ごーすと,ざいりょう,じきゅうそう,ずじょう,ぜつだい,ぞうとう,だいこうぶつ,,できごころ,どうさつりょく,ばいよう,びーふしちゅー,ぶじょく,べーすぎたー,ぼうきれ,ぱいなっぷる,ぴえろ,ぷらすちっく,ぺだる,ぽけっとさいず
あかしんごう,いかすい,うごき,えいよう,おおぜい,かいせつ,きず,くぎ,けいじ,こうしき,さいだー,しがつ,すいようび,せいじ,そうしゃ,たいせいよう,ちかく,つかいみち,ていねい,とうさつ,なかごろ,にくじゅう,ぬきうちてすと,ねぎま,のうしゅく,はいひんかいしゅう,ひきがえる,ふうすい,へいきんだい,ほうこく,まえぶれ,みかけ,むかで,めいちゅう,もくぎょ,やきのり,ゆうしょうき,ようしきといれ,らいにち,りく,るーと,れいとう,ろーかる,わかぞう,,がいしょく,ぎのうけんてい,ぐらす,げきたい,ごーや,ざいりょく,じきゅうそうたいかい,ずつう,ぜったいあんせい,ぞうに,だいこくばしら,,できごと,どうしつ,ばうんど,びーふじゃーきー,ぶそう,べーすぼーる,ぼうぐ,ぱいぷ,ぴおーね,ぷらすちっくけーす,ぺっと,ぽけっとまねー
あかみ,いかずち,うこっけい,えーあい,おおぞら,かいそう,きずあと,くぎり,けいしき,こうしゃ,さいだい,しかばね,すいり,せいしき,そうじゅう,たいせき,ちかごろ,つかみどり,てーぷ,とうじ,なかじき,にくしょくどうぶつ,ぬきがた,ねぎり,のうじょう,はいぼく,ひきがたり,ふうそく,へいこう,ほうさく,まおう,みかた,むき,めいど,もくげき,やきぶた,ゆうしょく,ようしつ,らいねんど,りくあげ,るーびっくきゅーぶ,れいとうこ,ろーきっく,わかて,,がいちゅう,ぎふ,ぐらたんざら,げきつう,ごーやちゃんぷるー,ざくぎり,じきゅうりょく,ずつうがいらい,ぜったいぜつめい,ぞうへいきょく,だいこんおろし,,できし,どうしゅ,ばか,びーふすてーき,ぶぞく,べじたぶる,ぼうぐらふ,ぱいる,ぴかそ,ぷらずま,ぺっとしーつ,ぽけっともんすたー
あかり,いかすみ,うさぎ,えーがた,おおべや,かいぞう,きずぐち,くく,けいじどうしゃ,こうそく,さいちょう,しき,すうがく,せいしょ,そうしょくどうぶつ,たいそう,ちかしつ,つかれ,てーぶる,とうじょうじんぶつ,ながしだい,にくずれ,ぬぎき,ねぐせ,のうぜい,はいゆう,ひきがね,ふうとう,へいこうしへんけい,ほうしき,まがお,みかづき,むぎ,めいにち,もくざい,やきめし,ゆうせんせき,ようしょう,らいばる,りくえすと,るーぷ,れいのうしゃ,ろーす,わかば,,がいてき,ぎぶあっぷ,ぐらでーしょんからー,げきとつ,ごーる,ざくろ,じく,ずつうやく,ぜっと,ぞうり,だいざ,,できそこない,どうじょう,ばかさわぎ,びーむ,ぶた,べすと,ぼうけんか,ぱいれーつ,ぴくせる,ぷらすまいなす,ぺっとしょっぷ,ぽしぇっと
あきち,いかすみすぱげってぃ,うし,えーびーがた,おか,かいぞく,きずな,くさ,けいじょう,こうそくどうろ,さいてい,しき,すうじ,せいじょう,そうしょく,たいちょう,ちかてつ,つき,てかがみ,とうそう,ながそで,にくたい,ぬきさし,ねくたい,のうち,はえ,ひきこもり,ふうふ,へいさ,ほうじちゃ,まかだみあなっつ／まかでみあなっつ,みがって,むきえび,めいぶつ,もくじ,やきもち,ゆうそう,ようしょく,らいふ,りくじょう,るーぺ,れいふく,ろーず,わがはい,,がいど,ぎぶす,ぐらどる,げきは,ごーるきーぱー,ざこ,じこ,ずつき,ぜっぺき,ぞうりょう,だいし,,できたて,どうしょく,ばかたれ,びーる,ぶたい,べすとあるばむ,ぼうけんしょうせつ,ぱいろっと,ぴくちゃー,ぷらずまてれび,ぺっとふーど,ぽじてぃぶ
あく,いかだ,うしがえる,えがお,おかね,かいだんばなし,きせいちゅう,くさかりき,けいしょく,こうちゃ,さいのう,しき,すーつ,せいせき,そうず,たいつ,ちかみち,つぎ,てがかり,とうぞく,ながたび,にくだんご,ぬぎすて,ねこ,のうてんき,はえたたき,ひきだし,ふうみ,へいし,ほうしゃのう,まかろに,みがわり,むきず,めいぼ,もくせい,やきゅう,ゆうぞら,ようしょく,らいぶ,りくじょうきょうぎ,るーまにあ,れいぼう,ろーすかつ,わかばまーく,,がいとう,ぎむ,ぐらにゅーとう,げげげのきたろう,ごーるど,ざこう,じこく,ずっきーに,ぜつぼう,ぞくしゅつ,だいじ,,できばえ,どうしょくぶつ,ばかもの,びーるこうじょう,ぶたい,べすとあんさー,ぼうこう,ぱうだー,ぴくにっく,ぷらちな,ぺっとほてる,ぽすたー
あくじ,いかふらい,うしろ,えかき,おから,かいちゅうでんとう,きせき,くさかんむり,けいたい／けーたい,こうてい,さいふ,しきい,すーぱー,せいせきひょう,そうせいき,たいど,ちから,つきあい,てがき,とうだい,なかなおり,にくまきおにぎり,ぬきだし,ねこかふぇ,のーと,はか,ひきたてやく,ふえ,へいじつ,ほうすい,まかろにさらだ,みき,むぎちゃ,めいよ,もくてき,やきゅうせんしゅ,ゆーちゅーぶ,ようじんぼう,らいふせーばー,りくじょうじえいたい,るーむ,れいんこーと,ろーすと,わがまま,,がいとうえんぜつ,ぎむきょういく,ぐらびあ,げこう,ごかい,ざこつ,じごく,ずっこけさんにんぐみ,ぜつみょう,ぞくせい,だいしゃ,,できれーす,どうせいあい,ばかんす,びーんず,ぶたいげいこ,べすとせらー,ぼうさい,ぱうだーしゅがー,ぴくるす,ぷらちなかーど,ぺっとぼとる,ぽすと
あくしつ,いかめし,うず,えかきうた,おき,かいてい,きせつ,くさき,けいたいでんわ,こうどう,さいほう,しきじょう,すーぱーまりお,せいそう,そうせつ,たいとる,ちからまかせ,つきあかり,てがた,とうちゃく,なかにわ,にくまれっこ,ぬくもり,ねこかぶり,のうど,はがき,ひきつぎ,ふぇらーり,へいじつやすみ,ほうせき,まき,みぎ,むぎちょこ,めいれい,もくてきち,やぎょう,ゆうちょぎんこう,ようす,らいふる,りくち,るーむさーびす,れいんぼー,ろーすとびーふ,わかめ,,がいどぶっく,ぎめい,ぐらふ,げじげじ,ごかく,ざこね,じこくひょう,ずのう,ぜつめつ,ぞっこう,だいじゃ,,でぐち,どうぞう,ばぎー,びおれ,豚キムチ,べすとたいむ,ぼうし,ぱうち,ぴざ／ぴっつぁ,ぷらっとほーむ,ぺっとぼとるいんりょう,ぽすとかーど
あくしゅ,いかめら,うすがたてれび,えき,おきなわ,かいてんずし,きた,くさだんご,けいと,こうない,さお,しきち,すーぷ,せいちょう,そうせんきょ,たいない,ちきゅう,つきそい,てがみ,とうにゅう,なかば,にくや,ぬけあな,ねごこち,のうみそ,はかせ,ひきでもの,ふぇると,へいせい,ほうそう,まきがい,みぎあし,むぎばたけ,めいろ,もくどく,やく,ゆうどう,ようすいろ,らいむ,りくつ,るーむしぇあ,れいんぼーぶりっじ,ろーすはむ,わかもの,,がいはく,ぎゃく,ぐらふぃっく,げしゃ,ごがつ,ざしき,じこしょうかい,ずぶぬれ,ぜつめつきぐしゅ,ぞろめ,だいしんさい,,でこぼこ,どうそうかい,ばきゅーむ,びか,ぶたごや,べっかく,ぼうし,ぱうんどけーき,ぴざそーす,ぷらねっと,ぺっぱー,ぽたーじゅ
あくせい,いかやき,うすたーそーす,えき,おきば,かいねこ,きたい,くさばな,けいとら,こうにゅう,さか,しきり,すかーふ,せいと,そうぞく,たいぷ,ちきゅうぎ,つぎたし,てがら,とうふ,ながばなし,にくりょうり,ぬけがけ,ねごこち,のうやく,はかた,ひきど,ふぇれっと,へいたい,ほうそく,まきずし,みきさー,むぎめし,めいわく,もくば,やくがら,ゆうとうせい,ようすみ,らいんなっぷ,りくらいにんぐしーと,るーむみらー,れーさー,ろーずまりー,わがものがお,,がいぶ,ぎゃぐ,ぐらむ,げすい,ごかっけい,ざしきわらし,じさく,ずぼし,ぜひ,ぞんび,だいじんぶつ,,でこれーしょんけーき,どうたい,ばく,びがく,ぶたしゃぶ,べっきょ,ぼうしゅうざい,ぱえりあ,ぴざとーすと,ぷらまい,ぺっぱーらんち,ぽちぶくろ
あくとう,いかり,うずら,えきすとら,おきもの,かいばしら,きたかぜ,くさむしり,けいば,こうはく,さかいめ,しぐさ,すかいだいびんぐ,せいとかい,そうち,たいふう,ちぎりえ,つぎはぎ,てがる,とうぼう,なかほど,にぐるま,ぬけがみ,ねこじた,のうりょく,はかたえき,ひきにく,ふぇんしんぐ,へいち,ほうたい,まきば,みぎて,むきりょく,めいわくめーる,もくひょう,やくざいし,ゆうのう,ようせい,らうんじ,りこーだー,るーむらんなー,れーざー,ろーたりー,わがや,,がいや,ぎゃくぎれ,ぐらんどごるふ,げすいどう,ごきぶり,ざせき,じさつ,ずら,ぜぶら,,だいす,,でざーと,どうとく,ばくが,びぎなー,ぶたにく,べっこうあめ,ぼうず,ぱぐ,ぴすたちお,ぷらもでる,ぺてんし,ぽっと
あくび,いかり,うせつ,えきびる,おくがい,かいふく,きたきつね,くさり,けいばじょう,こうび,さかさま,しくみ,すがた,せいとかいちょう,そうちょう,たいへいよう,ちきんなげっと,つきみ,てき,とうるい,なかま,にげあし,ぬけがら,ねこじゃらし,のうりんすいさんしょう,はかま,ひきにげ,ふぇんす,へいねつ,ほうち,まきもの,みきり,むぎわら,めうえ,もぐら,やくしゃ,ゆうひ,ようちゅう,らうんど,りさいくる,るーる,れーざーぷりんたー,ろーど,わかやま,,がいらいご,ぎゃくしゅう,ぐらんどぴあの,げすと,ごくあく,ざせきばんごう,じじい／じい,ずる,ぜぶらがら,,だいず,,でざいなー,どうぶつ,ばくげき,びきに,ぶたばら,べつこうどう,ぼうずあたま,ぱくちー,ぴすとる,ぷりずむ,ぺなるてぃー,ぽっぷ
あくま,いかりんぐ,うそ,えくささいず,おくさま,かいぶつ,きち,くし,けいほう,こうよう,さかな,しけい,すかんく,せいのう,そうてい,たいほ,ちきんらいす,つきみだんご,てきちゅう,とうろく,なかまいり,にげかくれ,ぬけげ,ねこぜ,のぎく,はきけ,ひきぬき,ふぉあぐら,へいほうきろめーとる,ほうちょう,まきゅう,みくろ,むぎわらぼうし,めうつり,もくろみ,やくしょ,ゆうびんうけ,ようつう,らがーびーる,りさいたる,るーれっと,れーしんぐかー,ろーぷ,わからずや,,がうちょぱんつ,ぎゃくそう,ぐらんぷり,げた,ごくらく,ざせきひょう,じしつ,ずるやすみ,ぜみ,,だいだいいろ,,でさき,どうめい,ばくちく,びくとりー,ぶちょう,べっさつ,ぼうすいかこう,ぱくり,ぴたごらす,ぷりぺいどかーど,ぺにす,ぽてと
あくむ,いかんそく,うそつき,えくぼ,おけ,かいもの,きっかけ,くし,けいむしょ,こうら,さかみち,しげき,すぎ,せいばい,そうにゅう,たいほう,ちく,つきゆび,てきとう,とお,なかまはずれ,にげば,ぬけみち,ねこだまし,のきさき,はきもの,ひきょうもの,ふか,へいめんず,ほうび,まぐかっぷ,みけねこ,むくち,めーかー,もけい,やくしょく,ゆうびんきって,ようび,らくがき,りす,るす,れーす,ろーぷうえー,わかれ,,がか,ぎゃくたい,ぐりーんしゃ,げたばこ,ごご,ざせつ,じじつ,ずれ,ぜりー,,だいだげき,,でし,どうめだる,ばくてりあ,びけい,ぶっかけそば,べっしつ,ぼうそう,ぱけっと,ぴっきんぐ,ぷりんあらもーど,ぺぱーみんと,ぽてとさらだ
あくやく,いき,うた,えこ,おこげ,かいわ,きっく,くじ,けいりょうかっぷ,こえ,さき,しげみ,すきー,せいふ,そうば,たいまー,ちくしょう,つくえ,てぎわ,とおか,なかまわれ,にげみち,ぬし,ねごと,のきした,はくい,ひきわけ,ふかさ,へいや,ほうほう,まぐねっと,みこ,むくみ,めーたー,もざいく,やくそく,ゆうびんきょく,ようふく,らくご,りすく,るすばんでんわ,れーだー,ろーま,わかれぎわ,,がき,ぎゃくたんち,ぐりーんぴーす,げっこう,ごさ,ざたく,じしゃく,ずわいがに,ぜりーいんりょう,,だいたすう,,でしいり,どうよう,ばくはつ,びじねす,ぶっきょう,べっせい,ぼうそうぞく,ぱじゃま,ぴっくあっぷ,ぷりんす,ぺぷし,ぽてとちっぷ
あくりる,いきがい,うたたね,えこきゅーと,おこさまらんち,かうんせらー,きっず,くしあげ,けいろうのひ,こおり,さぎ,しご,すきっぷ,せいふく,そうび,たいみんぐ,ちくわ,つくし,てくにっく,とーすと,なかみ,にこみはんばーぐ,ぬすっと,ねこなでごえ,のぎつね,はくさい,ひぐれ,ふがし,へいりょく,ほうもつ,まくのうちべんとう,みこし,むけいかく,めーとる,もじ,やくたたず,ゆうびんはいたつ,ようもう,らくさつ,りすざる,るすろく,れーる,ろーまじ,わかればなし,,がきだいしょう,ぎゃくもどり,ぐりーんらんど,げっと,ござ,ざだんかい,じしゅ,ずんだもち,ぜるだのでんせつ,,だいち,,でじかめ,どうりょく,ばくふ,びじねすほてる,ぶつぎり,べつせかい,ぼうだい,ぱしり,ぴっちゃー,ぷりんせす,ぺぺろんちーの,ぽにー
あご,いきごみ,うちでのこづち,えごころ,おさがり,かうんたー,きつつき,くじゃく,けー,こがねむし,さきいか,しこく,すきま,せいぶつ,そうふう,たいむ,ちけい,つくだに,てくのろじー,とおせんぼう,ながもち,にごり,ぬすみ,ねこばば,のぐそ,はくし,ひげ,ふかしいも,へいわ,ほうりつ,まぐま,みこみ,むげんだい,めーぷるしろっぷ,もしゃ,やくば,ゆうびんはがき,ようりょう,らくせき,りすと,るっくす,れおなるどだヴぃんち,ろーやるぜりー,わかれみち,,がく,ぎゃくりゅう,ぐりこ,げっぷ,ごさどう,ざちょう,じしゅう,ずんどう,ぜろ,,だいちょう,,でじたる,どうるい,ばくふう,びじゃく,ぶっく,べっそう,ぼうたかとび,ぱす,ぴっちんぐ,ぷりんたー,ぺるー,ぽにーてーる
あざ,いきちがい,うちまた,えさ,おさけ,かえりみち,きって,くしゃみ,けーき,こぎつね,さきゅう,しごと,すきゃんだる,せいべつ,そうふうき,たいや,ちこく,つくつくぼうし,てくび,とーなめんと,なかゆび,にころがし,ぬすみぎき,ねこまた,のけもの,はくしゅ,ひげそり,ふかづめ,へおんきごう,ほうりゅう,まくら,みごろし,むこ,めーる,もすばーがー,やくびょうがみ,ゆうびんばこ,よーぐると,らくだ,りすとばんど,るっこら,れきし,ろーらー,わき,,がくぎょう,ぎゃっぷ,ぐりっぷ,げつようび,ごじ,ざつ,じしゅう,ずんどうなべ,ぜんあく,,だいとうりょう,,でじたるどけい,どうろ,ばくろ,びじゅある,ぶっくすとあ,べったらづけ,ぼうだち,ぱすた,ぴのきお,ぷりんと,ぺるしゃねこ,ぽぱい
あさがお,いきづくり／いけづくり,うちゅう,えさがし,おさら,かえる,きつね,くじら,けーきや,こきゅう,さく,しこみ,すきる,せいほうけい,そうめんながし,たいやき,ちじ,つくりかた,てこ,とおまわり,なかよし,にざかな,ぬすみぐい,ねこみ,のこぎり,はくじょう,ひけつ,ふかひれ,へきが,ほうそういいんかい,まぐろ,みさいる,むこう,めーるあどれす／めるあど／めあど,もち,やくぶつ,ゆうびんばんごう,よーよー,らくてんいちば,りすとら,るな,れぎゅらー,ろーらーすけーと,わきげ,,がくしゃ,ぎゃらりー,ぐりむどうわ,げてもの,ごじら,ざっか,じしゅとれ,,ぜんい,,だいとかい,,ですく,どーなつ,ばけつ,びじゅつ,ぶっくまーく,べっど,ぼうだんちょっき,ぱすたさらだ,ぴゅあ,ぷりんとあうと,ぺんき,ぽぷら
あさひ,いきづまり,うちわ,えざら,おじ,かお,きっぷ,くず,けーす,こくおう,さくしゃ,しじ,すくーる,せいめい,そうり,たいよう,ちしき,つくりばなし,てさげ,とおりあめ,なきがお,にさんかたんそ,ぬすみどり,ねさがり,のこり,はくせい,ひこうき,ふきかえ,へくたーる,ほーす,まけずぎらい,みじゅく,むこう,めか,もちあじ,やくめ,ゆうびんぽすと,よーろっぱ,らくてんぎんこう,りすぺくと,るねさんす,れこーど,ろーらーぶれーど,わきばら,,がくしゅう,ぎゃる,ぐりる,げどくざい,ごたい,ざつがく,じしょ,,ぜんいんしゅうごう,,だいどころ,,ですくとっぷ,どーむ,ばけねこ,びじょ,ぶったい,べっどかばー,ぼうちゅうざい,ぱすたそーす,ぴゅあほわいと,ぷるこぎ,ぺんきや,ぽらろいどかめら
あさやけ,いきとうごう,うつし,えじき,おしいれ,かおもじ,きなこ,くすだま,けーぶる,こくご,さくじょ,ししまい,すくらんぶるえっぐ,せいゆう,そうりょう,たいりく,ちしつ,つくりもの,てさばき,とおりみち,なきごえ,にし,ぬすみよみ,ねさげ,のこりかす,はくちょう,ひこうきぐも,ふきそうじ,へこみ,ほか,まご,みじんぎり,むこうがわ,めかくし,もちーふ,やくると,ゆーふぉー,よが,らくのう,りずむ,るぱんさんせい,れざー,ろーりえ,わきみ,,がくしゅうじゅく,ぎゃんぶらー,ぐるーぷ,げねつ,ごちそう,ざつがくおう,じじょう,,ぜんかい,,だいとし,,でだし,どーる,ばけのかわ,びしょうじょ,ぶどう,べっどしーつ,ぼうちょう,ぱすたなべ,ぴゅーれ,ぷるたぶ,ぺんけーす,ぽり
あさり,いきぬき,うつぶせ,えじぷと,おしおき,かおり,きねんび,くすり,けーぶるてれび,こけ,さくら,しじみ,すくわっと,せいよう,そうる,たいりょく,ちしぶき,つげぐち,てじな,とかい,なきごと,にじゅうじんかく,ぬたあえ,ねじ,のこりもの,はさみ,ひこうじょう,ふきのとう,へそ,ほかく,まごころ,みじんこ,むこうぎし,めがしら,もちかえり,やくわり,ゆうべ,よかぜ,らくば,りせい,るびー,れじ,ろーる,わきみず,,がくせい,ぎゃんぶる,ぐるーぷがくしゅう,げねつちんつうざい,ごちゃまぜ,ざっかや,じすう,,ぜんかい,,だいなし,,でたらめ,どき,ばけもの,びすけっと,ぶどう,べっどまっと,ぼうねんかい,ぱすてる,ぴゅーろらんど,ぷるとっぷ,ぺんさき,ぽりえすてる
あし,いぎりす,うつぼ,えすえる,おしくらまんじゅう,かかお,きのう,くせ,けが,こげちゃ,さくらじま,ししゃ,すけーと,せいり,そーす,タイル,ちじょう,つけね,てじょう,とかげ,なぎなた,にじる,ぬたうなぎ,ねじれ,のざわな,はし,ひこぼし,ふきや,へそくり,ほきゅう,まごのて,みす,むごんでんわ,めがね,もちこし,やけあと,ゆうめい,よくげつ,らぐびー,りせっと,るまんど,れしーと,ろーるきゃべつ,わきみち,,がくせいふく,ぎゅうかく,ぐるなび,げり,ごったに,ざっきょびる,じぞう,,ぜんかく,,だいなまいと,,でっどぼーる,どきゅめんたりー,ばざー,びせいぶつ,ぶとうかい,べっどまっと,ぼうはてい,ぱすてるからー,ぴらにあ,ぷれい,ぺんじ,ぽりしー
あじ,いきりょう,うつわ,えすかれーたー,おしっこ,かがく,きのこ,くせもの,けがに,ここあ,さけ,しせい,すこあ,せいれい,そーすやきそば,たうえ,ちず,つけもの,てすと,とき,なきまね,にす,ぬの,ねずみ,のじゅく,はしか,ひざ,ふく,へそだし,ほくとしちせい,まさつ,みず,むざい,めがねざる,もちこみ,やけい,ゆうめし,よくしつ,らくらい,りそう,るみなりえ,れじぇんど,ろーるけーき,わきやく,,がくふ,ぎゅうすじ,ぐるめ,げれんで,ごっど,ざっこく,じぞく,,ぜんがく,,だいにんぐ,,でっぱ,どく,ばさし,びたみんしー,ぶどうじゅーす,べっどるーむ,ぼうはんかめら,ぱすぽーと,ぴらふ,ぷれいやー,ぺんしる,ぽりす
あじ,いくさ,うで,えすきょく,おしべ,かかと,きのせい,くだもの,けがわ,ここなっつ,さけび,しせつ,すこっぷ,せーふ,そーせーじ,たおる,ちすじ,つごう,てすり,ときたまご,なきむし,にせ,ぬのおむつ,ねずみとり,のずる,はしご,ひざし,ふぐ,へそのお,ほくぶ,まさゆめ,みずあめ,むささび,めがばいと,もちごめ,やけぐい,ゆーもあ,よくじつ,らけっと,りぞーと,るみね,れしぴ,ろーるぷれいんぐげーむ,わぎゅう,,がくぶち,ぎゅうすじにこみ,ぐれー,げろ,ごて,ざっこくまい,じだい,,ぜんきゅう,,だいひょう,,でっぱり,どぐう,ばしゃ,びちく,ぶどうとう,べつばら,ぼうふう,ぱずる,ぴらみっど,ぷれーと,ぺんだんと,ぽりばけつ
あじあ,いくもうざい,うでどけい,えすて,おしまい,かがみ,きのぼり,くち,けさ,こころ,さこつ,した,すごろく,せーる,そーだ,たおるけっと,ちせい,つた,てそう,ときょうそう,なくしもの,にせさつ,ぬのきれ,ねずみはなび,のぞきみ,はしら,ひじ,ふくおか,へそのごま,ほくべい,まじっくはんど,みずいろ,むさし,めかぶ,もちつき,やけくそ,ゆうやけ,よくしゅう,らじお,りぞーとほてる,るみねざよしもと,れじゃー,ろか,わく,,がくや,ぎゅうにく,ぐれーど,げんかい,ごはんつぶ,ざっし,じだいおくれ,,ぜんくつ,,だいびんぐ,,でどころ,どくがく,ばしょ,びっぐいべんと,ぶどうばたけ,べっぷ,ぼうや,ぱすわーど,ぴりおど,ぷれーりーどっぐ,ぺんち,ぽりふぇのーる
あしか,いけ,うでわ,えだ,おじゃま,かがやき,きのみ,くつ,けさき,こさじ,ささ,したい,すし,せおよぎ,そーだすい,たか,ちそう,つち,てだすけ,とくぎ,なぐりあい,にせもの,ぬのじ,ねぞう,のぞみ,はす,ひしがた,ふくさよう,へそぴあす,ほくりく,まじっくみらー,みずがめざ,むし,めがみ,もちぬし,やけざけ,ゆうやけぐも,よくそう,らじおたいそう,りぞっと,るる,れじゃーしーと,ろかた,わくぐみ,,がくりょく,ぎゅうにくころっけ,ぐれーぷ,げんかく,ごび,ざっしこうこく,じだいげき,,ぜんげつ,,だいふく,,でとっくす,どくがす,ばじる,びっくりばこ,ぶらいんど,べつめい,ぼうりょく,ぱせり,ぴりから,ぷれーんおむれつ,ぺんねーむ,ぽるとがる
あじさい,いけす,うどんすき,えたのーる,おしらせ,かき,きば,くつあと,けしき,こざら,さざえ,したえ,すず,せかい,そーぷ,たかさ,ちちうえ,つちだんご,てちがい,とくさつ,なげきっす,にせもの,ぬま,ねた,のっく,はた,ひしゃ,ふくし,へた,ほくりくちほう,まじない,みずぎ,むし,めきしこ,もちば,やけど,ゆうりょう,よくねんど,らじおほうそう,りたいあ,るるぶ,れすきゅーたい,ろきそにんじょう,わくせい,,がけ,ぎゅうにゅう,ぐれーぷじゅーす,げんがっき,ごぶ,ざっしゅ,じたく,,ぜんげんてっかい,,だいぶつ,,でにっしゅ,どくけし,ばす,びていこつ,ぶらうざ,べとなむ,ぼうりんぐ,ぱそこんきょうしつ,ぴろしき,ぷれーんよーぐると,ぺんらいと,ぽろしゃつ
あずき,いけどり,うなぎ,えだまめ,おしり,かぎ,きばこ,くっきー,けしごむ,こし,さざなみ,したぎ,すすぎ,せき,そーらー,たかだい,ちちおや,つちのこ,てちょう,とくちょう,なげっと,にだい,ぬまち,ねたちょう,のっとり,はだざわり,ひしょ,ふくしま,へた,ほくろ,まじめ,みずくさ,むしかご,めきゃべつ,もちはこび,やけのはら,ゆうれい,よくばり,らすと,りつ,るるぶとらべる,れすとらんがい,ろきそにんてーぷ,わけ,,がけくずれ,ぎゅうにゅうはいたつ,ぐれーぷふるーつ,げんかんさき,ごぼう,ざっしょく,じっきょう,,ぜんご,,だいみょう,,でにむ,どくしゃ,ばすがいど,びでお,ぶらうす,べとなむご,ぼうれい,ぱちすろ,ぴんく,ぷれす,,ぽんこつ
あすふぁると,いけにえ,うなぎぱい,えちけっと,おしりふき,かきおき,きびだんご,くっきんぐ,けじめ,こしつ,ささみ,したく,すずめ,せき,そーらーかー,たかっけい,ちちしぼり,つちふまず,てつ,とげ,なげなわ,にたまご,ぬめり,ねたばれ,のっぱら,はだし,ひじょうぐち,ふくろ,へたうま,ほたるのはか,まじゅつ,みずたま,むしくい,めくじら,もちもの,やこうせい,ゆうわく,よこ,らすとすぱーと,りっきょう,るんば,れすらー,ろく,わけまえ,,がけっぷち,ぎゅうにゅうぱっく,ぐろーぶ,げんき,ごま,ざっそう,じっけんだい,,ぜんこう,,だいめい,,でぱーと,どくしょかい,ばすけっと,びでおかめら,ぶらうにー,べとなむりょうり,ぼーい,ぱちんこ,ぴんくぐれーぷふるーつ,ぷれぜんと,,ぽんじゅーす
あすれちっく,いけばな,うなじゅう,えづけ,おす,かきごおり,きぼう,くっきんぐしーと,けしょう,こしょう,さざんか,しちみ,すずめばち,せきがえ,そーらーでんち,たからくじ,ちちのひ,つちぼこり,てづかみ,とけい,なげわざ,にたものどうし,ぬりえ,ねちがえ,のっぺらぼう,はち,ひじょうしょく,ふくろう,へたくそ,ほけつ,まじゅつし,みずでっぽう,むしけら,めぐすり,もっかんがっき,やこうばす,ゆか,よこく,らずべりー,りっこうほ,,れすりんぐ,ろくおんでーた,わけめ,,がけのうえのぽにょ,ぎょうぎ,ぐんかんじま,げんけい,ごまあえ,ざっはとるて,じっこう,,ぜんこうしゅうかい,,だいやく,,でばいす,どくしんせいかつ,ばすけっとぼーる,びでおげーむ,ぶらし,べにいろ,ぼーかる,ぱちんこだい,ぴんくごーるど,ぷれっしゃー,,ぽんず
あそび,いけぶくろ,うに,えてがみ,おせじ,かきゅうせい,きまぐれ,くつした,けしょうすい,こすう,さしえ,しっかく,すそ,せきせいいんこ,そーらんぶし,たからじま,ちちゅう,つつ,てっきんこんくりーと,とけいじかけ,なごみ,にちじょう,ぬりかべ,ねつ,のど,はちがつ,ひすい,ふけ,へちま,ほけんしつ,ましゅまろ,みずな,むしさされ,めぐみ,もっこう,やこうれっしゃ,ゆかいた,よこづな,らち,りっしょくぱーてぃー,,れたー,ろくが,わごむ,,がしつ,ぎょうぎさほう,ぐんかんまき,げんご,ごまあぶら,ざつよう,じっしゅう,,ぜんこく,,だいやる,,ではじめ,どくそうりょく,ばすたおる,びてきせんす,ぶらじゃー,べにざけ,ぼーだー,ぱっく,ぴんくぱんさー,ぷれっつぇる,,ぽんちょ
あだな,いご,うばぐるま,えと,おせわ,かぐ,きまり,くっつきむし,けしょうぽーち,こすちゅーむ,さしず,しっけ,すたー,せきゆ,そくせんりょく,たからもの,ちちゅうかい,つっかいぼう,てっこう,とけいだい,なごや,にちぼつ,ぬりぐすり,ねつききゅう,のどあめ,はちのす,ひすてりー,ふけつ,へっど,ほこうしゃ,まじょ,みずぶろ,むしとり,めくらまし,もっつぁれらちーず,やさい,ゆかした,よこどり,らっか,りったい,,れたす,ろくがつ,わごんせーる,,がしゅう,ぎょうざ,ぐんじ,げんこうようし,ごましお,ざびえる,じてんしゃ,,ぜんこくたいかい,,だいり,,でぱちか,どくたー,ばすたぶ,びとう,ぶらじる,べにしょうが,ぼーと,ぱっけーじ,ぴんせっと,ぷれはぶ,,ぽんぷ
あだむ,いこーる,うま,えど,おそうまれ,かくとうぎ,きみ,くに,けずりぶし,こせい,さしみ,しつけ,すたーと,せきゆおう,そくたつ,たかわらい,ちっそく,つっかけ,てっこつ,とけいまわり,なごり,にちようび,ぬりつぶし,ねっくれす,のどちんこ,はちまき,ひそひそごえ,ふこう,へっどかばー,ほごしゃ,ましょう,みずむし,むしとりあみ,めさき,もつなべ,やさいじゅーす,ゆかしたしゅうのう,よこはば,らっかせい,りったいちゅうしゃじょう,,れっか,ろぐはうす,わざ,,がす,ぎょうざのおうしょう,ぐんたい,げんこつ,ごまだれ,ざま,じどう,,ぜんこくつあー,,だいりーぐ,,でびゅー,どくぶつ,ばすてい,びにーる,ぶらじるりょうり,べにや,ぼーど,ぱっしょんふるーつ,ぴんち,ぷれはぶごや,,
あっとう,いごこち,うまいぼう,えどっ こ,おそなえ,かけ,きみどり,くび,けた,こそだて,さしみじょうゆ,しっと,すたいる,せくはら,そくてい,たき,ちっぷ,つっこみ,てっそく,とこや,なさ,にっき,ぬりもの,ねっこ,のどぼとけ,はちみつ,ひそひそばなし,ふごう,へっどすぱ,ほこら,ます,みせ,むしば,めざまし,もっぷ,やし,ゆかた,よこはま,らっきー,りっち,,れっさーぱんだ,ろくろ,わさび,,がすけつ,ぎょうざのかわ,ぐんて,げんごろう,ごまどれっしんぐ,ざやく,じどう,,ぜんごさゆう,,だいりゅうこう,,でびる,どくりつ,ばするーむ,びにーるかさ,ぶらっく,べにやいた,ぼーどげーむ,ぱっちわーく,ぴんちひったー,ぷれぱらーと,,
あっぷる,いこつ,うまづら,えなめる,おたから,かげ,きむち,くま,けだま,こたい,さそり,しっぷ,すたじお,せこむ,そくど,たきぎ,ちてい,つつみ,てつづき,とし,なさけ,にっきちょう,ぬるまゆ,ねつさまし,のねずみ,はちゅうるい,ひたい,ふこうへい,へっどらいと,ほこり,ますい,みそ,むしめがね,めざましどけい,もでる,やじうま,ゆかだんぼう,よこもじ,らっきょう,りっとる,,れっしゃ,ろくろくび,わざわい,,がすすとーぶ,ぎょうじ,ぐんま,げんざい,ごみ,ざらつき,じどうしゃ,,ぜんざ,,だうんじゃけっと,,でふれ,どくりつこく,ばたー,びにーるしーと,ぶらっくきぎょう,べねずえら,ぼーとれーす,ぱっど,ぴんと,ぷれびゅー,,
あてね,いし,うまとび,えにっき,おたけび,かけあし,きもだめし,くまばち／くまんばち,けちゃっぷ,こたえ,さつ,しっぽ,すだち,せすじ,そくどく,たきしーど,ちでじ,つつみがみ,てつどう,とし,なざし,にっくねーむ,ぬれがみ,ねっしゃびょう,のばな,はっか,ひだり,ふざい,へっぽこ,ほこり,ますかっと,みぞおち,むしゃ,めざめ,もと,やしき,ゆがみ,よごれ,らっこ,りっぷ,,れっとう,ろけ,わし,,がすたんく,ぎょうしゃ,,げんさく,ごみすてば,ざらめ,じどうどあ,,ぜんざい,,だうんろーど,,でま,どくろ,ばたふらい,びにーるてーぷ,ぶらっくじゃっく,べねっせ,ぼーなす,ぱて,ぴんばっじ,ぷれみあ,,
あどれす,いし,うまれつき,えぬえいちけー,おたふく,かご,きもち,くみ,けつあつ,こたつ,さつえい,してい,すだれ,せつぞく,そくほう,たきび,ちとせあめ,つな,てっぺき,としうえ,なし,にっこう,ぬれせんべい,ねったいぎょ,のはら,はっくつ,ひだりて,ふじ,へでぃんぐ,ほし,ますから,みそかつ,むしやき,めざわり,もどり,やじゅう,ゆかり,よさ,らっぱ,りっぷくりーむ,,れっどかーど,ろけち,わし,,がすと,ぎょうずい,,げんさんち,ごみため,ざりがに,じなり,,ぜんしゅう,,だえき,,でまえ,どげざ,ばつ,びにーるてぶくろ,ぶらっくばす,べびー/べいびー,ぼーる,ぱてぃしえ,ぴんぽいんと,ぷれみあむ,,
あな,いしあたま,うまれどし,えぬきょく,おたふくかぜ,かさ,きもの,くみたいそう,けつい,こっか,さっか,しどう,すで,せってい,そこく,たくしー,ちのう,つな,てつぼう,としこし,なじみ,にっこうよく,ぬれば,ねっちゅう,のばら,はつこい,ひっかききず,ふしぎ,へでぃんぐしゅーと,ほしうらない,ますこっと,みそしる,むしやさい,めし,もなか,やしょく,ゆき,よざくら,らっぱのみ,りっぽうたい,,れでぃー,ろけっと,わしき,,がすぬき,ぎょうせいしょし,,げんじつ,ごみばこ,ざりがにつり,じぬし,,ぜんしょう,,だえんけい,,でまかせ,どしゃぶり,ばっく,びにーるはうす,ぶらっくぺっぱー,べびーおいる,ぼきんばこ,ぱとかー,ぴんほーる,ぷろぐらまー,,
あなうんさー,いしかわ,うみ,えぬげーじ,おたまじゃくし,かさぶた,きゃく,くみたて,けつえき,こっかい,さっかー,しにがみ,すていぬ,せっと,そざい,たくはい,ちのうしすう,つながり,てっぽう,としした,なす,にっころがし,ぬんちゃく,ねっちゅうしょう,のび,はっさく,ひっき,ふしぎのくにのありす,へどろ,ほしがき,ますたーど,みそづけ,むじゅうりょく,めした,もなりざ,やじるし,ゆきおんな,よじじゅくご,らっぴんぐ,りっぽうめーとる,,れでぃーふ,ろけっとぱんち,わしつ,,がすばーなー,ぎょうむ,,げんしょう,ごむ,ざる,じはく,,ぜんしょう,,だがし,,でみぐらすそーす,どじょう,ばっぐ,びにーるぶくろ,ぶらっくほーる,べびーかー,ぼくさー,ぱとろーる,ぴんぽんだま,ぷろぐらみんぐ,,
あなご,いす,うみ,えぬてぃーてぃー,おちゃ,かし,きゃっと,くも,けつえきがた,こっく,さっかく,しはい,すてーき,せっとう,そし,たくらみ,ちのり,つなぎ,てつや,とじまり,なぞ,にっし,,ねっと,のびしろ,はつばい,ひっこし,ふしぜん,へなちょこ,ほしがた,また,みだしなみ,むしょく,めしつかい,もにたー,やすあがり,ゆきかき,よしのや,らっぷ,りとますしけんし,,れとると,ろご,わしづかみ,,がすますく,ぎょうむすーぱー,,げんしりょく,ごむひも,ざるそば,じばく,,ぜんしんますい,,だがっき,,でみせ,どじょうすくい,ばつげーむ,びねつ,ぶらっくりすと,べびーかすてら,ぼくさーぱんつ,ぱにっく,ぴんまいく,ぷろごるふぁー,,
あなこんだ,いすとりげーむ,うみがめ,えねるぎー,おつり,かじ,きゃっぷ,くも,けっか,こっせつ,さっき,しばい,すてーじ,せっぷく,そしき,たけ,ちば,つなひき,てでぃーべあ,としょ,なぞとき,にっしゃびょう,,ねっとう,のぶ,はっぴょう,ひつじ,ふじみ,へのじ,ほしくさ,まだがすかる,みたらしだんご,むしよけ,めしつぶ,もの,やすうり,ゆきぐに,よしゅう,らぬきことば,りにあもーたーかー,,れとるとかれー,ろこもこ,わしょく,,がぞう,ぎょうれつ,,げんせ,ごもくならべ,ざわめき,じばくれい,,ぜんせ,,だきまくら,,でむかえ,どせい,ばっじ,びはだ,ぶらんけっと,べびーざらす,ぼくし,ぱねる,,ぷろじぇくたー,,
あに,いせき,うみねこ,えの ぐ,おてあげ,かぜ,きゃべつ,くものす,けづくろい,こっぷ,さっくす,しばいぬ,すてっかー,せつめい,そだいごみ,たけうま,ちべっと,つなみ,てとりす,としより,なぞなぞ,にっしょく,,ねっとわーく,のぶなが,はっぴょうかい,ひつじかい,ふしょう,へのへのもへじ,ほしぞら,まちあいしつ,みち,むしよけすぶれー,めしべ,ものおき,やすみ,ゆきじるし,よせがき,らばー,りにゅうしょく,,れとろ,ろさんぜるす,わずか,,がそりんすたんど,ぎょかいるい,,げんせき,ごもくめし,ざんがい,じはだ,,ぜんせかい,,だげき,,でめりっと,どせきりゅう,ばった,びびんば,ぶらんこ,べびーしったー,ぼくじゅう,ぱのらま,,ぷろじぇくと,,
あにき,いせき,うみのいえ,えのき,おでき,かせい,きゃらくたー,くもり,けっこんしき,こてい,さつたば,しばふ,すとーかー,せつやく,そつぎょう,たけかんむり,ちほう,つなわたり,てにす,とだな,なた,にっちょく,,ねっぷう,のべるてぃ,はっぽうすちろーる,ひっしゃ,ふしんしゃ,へび,ほしぶどう,まつげ,みちくさ,むじんえき,めじゃー,ものおと,やすもの,ゆきだるま,よせなべ,らびっと,りはーさる,,ればー,ろさんぜるすくうこう,わすれもの,,がちょう,ぎょにくそーせーじ,,げんそう,ごらく,ざんぎゃく,じはんき,,ぜんそく,,だざいおさむ,,でも,どっく,ばったー,びぶらーと,ぶらんど,べびーすたー,ぼくじょう,ぱのらまさつえい,,ぷろせす,,
あにまる,いそうろう,うみのひ,えのぐ,おてだま,かせき,きゃらめる,くらいまっくす,けっこんゆびわ,こと,さつまいも,しぼう,すとーぶ,せとないかい,そつぎょうしき,たけのこ,ちまみれ,つの,てにもつ,とち,なたでここ,にっぽんこくけんぽう,,ねどこ,のべぼう,はつめい,ひっしょう,ふすま,へびーきゅう,ほしゅ,まっさーじ,みちのえき,むしんけい,めじるし,ものおぼえ,やすらぎ,ゆきどけ,よせんりーぐ,らびりんす,りばーす,,ればにらいため,ろじ,わせだ,,がちんこ,ぎょるい,,げんだい,ごりやく,ざんぎょう,じびか,,ぜんそくりょく,,ださく,,でゅえっと,どっぐ,ばってら,びぼう,ぶらんどしょっぷ,べびーちーず,ぼくしんぐ,ぱぱ,,ぷろせすちーず,,
あばら,いそぎんちゃく,うみぶどう,えはがき,おてんば,かぞく,きゃんでぃ,くらげ,けっしょう,ことば,さてつ,しぼう,すとーりー,せなか,そつぎょうしょうしょ,たけやぶ,ちめい,つば,てぬい,とちゅう,なたねあぶら,にとうりゅう,,ねとまり,のぼり,はと,ひっちはいく,ふせい,へびいちご,ほじょ,まっさかさま,みつあみ,むじんとう,めす,ものかげ,やせい,ゆきみだいふく,よそう,らぶ,りばうんど,,れふと,ろしあ,わた,,がっき,ぎょろめ,,げんてい,ごりら,ざんぎょうだい,じびきあみ,,ぜんたい,,だしおしみ,,でりかしー,どっじぼーる,ばってりー,びみ,ぶり,べびーどーる,ぼくじんぐじむ,ぱぱいあ／ぱぱいや,,ぷろてくと,,
あひる,いそっぷものがたり,うみぼうず,えび,おと,かた,きゃんぷ,くらす,けっしょう,こども,さと,しま,すとらっぷ,せのび,そつぎょうせい,たこ,ちめいど,つばき,てぬき,とっきゅう,なだれ,にどね,,ねばりけ,のぼりおり,はな,ひっと,ふそく,へびろて,ほいこーろー,まっしゅぽてと,みっかぼうず,むすこ,めす,ものがたり,やせがた,ゆきやま,よそうがい,らぶすとーりー,りはびり,,れぷりか,ろしあご,わたあめ,,がっき,ぎり,,げんど,ごるふ,ざんこく,じぶんかって,,ぜんたいず,,だしじる,,でりばりー,どて,バット,びゅーてぃー,ぶりーち,べびーぱうだー,ぼくとう,ぱぱらっち,,ぷろてすと,,
あぶ,いた,うめ,えびす,おとうと,かたかな,きゅう,くらすめいと／くらすめーと,けっしょう,ことり,さとう,しまうま,すとりーと,せばんごう,そっくす,たこあげ,ちゃ,つばさ,てぬぐい,とっくみあい,なつ,ににんさんきゃく,,ねびき,のぼりくだり,はなうた,ひてい,ふた,へぼ,ほそまき,まっしゅるーむ,みっくすじゅーす,むすびめ,めだか,ものくろ,やそう,ゆくえ,よそく,らぶそんぐ,りびんぐ,,れべる,ろじうら,わだい,,がっきゅう,ぎりしゃ,,げんば,ごるふ,ざんさつ,じべた,,ぜんてい,,だしまきたまご,,でんえんふうけい,どなー,ばとる,びゅっふぇ,ぶりき,べびーふーど,ぼけつ,ぱぴー,,ぷろでゅーさー,,
あぶら,いたい,うめしゅ,えぴそーど,おとぎばなし,かたつむり,きゅうきゅうしゃ,くらぶ,けっせき,こな,さとうきび,しまつ,すとれす,せびれ,そっけつ,たこやき,ちゃーしゅー,つばめ,てのうち,とって,なっつ,にのうで,,ねぶくろ,のぼりざか,はなげ,ひと,ふだ,へま,ほぞんしょく,まつたけ,みっくすべじたぶる,むすめ,めだしぼう,ものごと,やたい,ゆくえふめい,よそもの,らぶらどーるれとりばー,りふぉーむ,,れべるあっぷ,ろじっく,わだいこ,,がっきゅうへいさ,ぎりしゃご,,げんばく,ごるふくらぶ,ざんぞう,じむ,,ぜんぱい,,だじゃれ,,でんか,どなべ,ばとんたっち,びょう,ぶりっこ,べびーふく,ぼこ,ぱぷあにゅーぎにあ,,ぷろでゅーす,,
あぷり,いたずら,うめたて,えびちり,おとこ,かち,きゅうきゅうばこ,くらむちゃうだー,けってい,こなぐすり,さなぎ,しめい,すとれっち,せびろ,そっこう,たたかい,ちゃいな,つぶ,てのこう,とっぴんぐ,なっとう,にぼし,,ねぶそく,のみ,はなし,ひとおし,ふたご,へや,ほたて,まっちゃ,みつご,むせんまい,めたぼ,ものさし,やちょう,ゆげ,よぞら,らふらんす,りふてぃんぐ,,れぽーたー,ろじょう,わたがし,,がっきゅうほうかい,ぎりしゃしんわ,,げんばくどーむ,ごるふじょう,ざんだか,じむしょ,,ぜんひてい,,だせき,,でんき,どなるど,ばなな,びよう,ぶりっじ,べらんだ,ぼしゅう,ぱふぇ,,ぷろとたいぷ,,
あふりか,いただき,うめちゃづけ,えびふらい,おとな,かつお,きゅうけい,くらりねっと,けっとう,こなちーず,さにーれたす,しめい,すとろー,せぼね,そっこうやく,たたみ,ちゃいむ,つぶがい,てのひら,とっぷう,なっぱ,にほんかい,,ねふだ,のみかい,はなしごえ,ひとかげ,ふたござ,へやぎ,ほたる,まっちゃあいす,みつば,むだ,めだま,ものしり,やつあたり,ゆけつ,よだれ,らふれしあ,りふと,,れぽーと,ろじょうちゅうしゃ,わたげ,,がっく,ぎりしゃよーぐると,,げんぱつ,ごろあわせ,ざんとう,じもと,,ぜんぶ,,だちょう,,でんき,どにち,ばにー,びようえき,ぶるー,べりー,ぼす,ぱふぉーまんす,,ぷろぱんがす,,
あふろ,いたち,うめぼし,えびまよ,おとめ,かつかれー,きゅうじつ,くり,けつまつ,こねこ,さのう,しも,すとろべりー,せみ,そで,たたり,ちゃいるど,つぶやき,てばさき,とっぷくらす,なつまつり,にほんざる,,ねぼう,のみかけ,はなたば,ひとがら,ふたば,へやばんごう,ほっかいどう,まっと,みつばち,むだぐち,めだまやき,ものほし,やっかいもの,ゆけむり,よち,らぶれたー,りぷれい,,れもねーど,ろす,わたぼこり,,がっこう,ぎりちょこ,,げんまい,ごんどら,ざんねんしょう,じゃがいも,,ぜんぼう,,だついじょ,,でんきじどうしゃ,どぶねずみ,ばにーがーる,びょうき,ぶるーぎる,べりーしょーと,ぼせいほんのう,ぱぷりか,,ぷろふぃーる,,
あほげ,いたつきかまぼこ,うもう,えひめ,おないどし,かっぱ,きゅうしゅう,くりあ,けなみ,このは,さば,しもやけ,すな,せみくじら,そとあそび,たちぐい,ちゃいるどしーと,つぼ,てびょうし,となかい,なつやすみ,にほんちゃ,,ねぼすけ,のみくい,はなぢ,ひとごと,ふち,へやぼし,ほっきょく,まつばづえ,みでぃあむ,むだつかい,めだる,ものほしざお,やっきょく,ゆさぶり,よっか,らべる,りふれっしゅ,,れもんすい,ろすたいむ,わたりどり,,がっこうきゅうしょく,ぎんいろ,,げんめつ,,ざんぱい,じゃぐち,,ぜんまい,,だっくすふんと,,でんきしょっく,どぼく,ばにく,びようげか,ぶるーとぅーす,べりーたると,ぼせき,ぱらぐらいだー,,ぷろふぃーるがぞう,,
あぽろ,いたまえ,うら,えふで,おなか,かっぷ,きゅうしょ,くりあけーす,けにあ,このみ,さばいばる,しゃかい,すなお,せめんと,そとがわ,たちば,ちゃいろ,つぼみ,てぶくろ,となり,なな,にほんとう,,ねまき,のみぐすり,はなばたけ,ひとごみ,ふつう,へやわり,ほっきょくせい,まつぼっくり,みどり,むち,めっき,ものまね,やっこ,ゆず,よっきゅう,らべんだー,りべんじ,,れもんすかっしゅ,ろせんばす,わたりろうか,,がっこうぎょうじ,ぎんか,,げんりょう,,ざんりゅう,じゃにーずじむしょ,,ぜんまいじかけ,,だっこ,,でんきすたんど,どみの,ばにら,びょうけつ,ぶるーはわい,べりーだんす,ぼたにかる,ぱらしゅーと,,ぷろふぃーるちょう,,
あま,いために,うらおもて,えほうまき,おなら,かてい,きゅうしょく,くりーなー,けはい,こばえ,さばく,しやくしょ,すなば,せりふ,そとばき,たちよみ,ちゃがし,つま,てま,との,なふだ,にまいがい,,ねむけ,のみくち,はなび,ひとごろし,ふつうじどうしゃ,へら,ほっちきす,まど,みどりいろ,むちゃ,めつき,ものれーる,やっつ,ゆずこしょう,よっつ,らむしゅ,りめいく,,れもんてぃー,ろっかー,わっくす,,がっしゅく,ぎんが,,,,ざんりゅうのうやく,じゃま,,ぜんめつ,,だつごく,,でんきすとーぶ,どようび,ばにらあいす,びょうげんたい,ぶるーべりー,べる,ぼたにかるしゃんぷー,ぱらそる,,ぷろふぇっしょなる,,
あまど,いためもの,うらぎり,えま,おに,かていか,きゅうり,くりーにんぐ,けびょう,こぴー,さはらさばく,しゃこ,すにーかー,せるふ,そなえもの,たっちぱねる,ちゃくしょく,つまさき,てまえ,とびうお,なべ,にまいめ,,ねむり,のみこみ,はなびたいかい,ひとさしゆび,ふつかよい,へりうむがす,ほっとけーき,まどがらす,みどりがめ,むちゃくちゃ,めっせーじ,ものわすれ,やど,ゆずりあい,よっと,らむちょっぷ,りゃく,,れんあい,ろっかーるーむ,わっふる,,がっしょう,ぎんかくじ,,,,ざんりょう,じゃむ,,ぜんや,,だっしゅ,,でんきゅう,どらいかれー,ばにらしぇいく,びょうし,ぶるーべりーじゃむ,べるぎー,ぼたもち,ぱらだいす,,ぷろぺら,,
あまのがわ,いたりあ,うらごし,えめらるど,おにが しま,かな,きゅーぴっと,くりーむ,けむくじゃら,こひつじ,さび,しゃち,すね,せるふさーびす,そば,たつまき,ちゃくせき,つまみぐい,てまき,とびこみ,なべりょうり,にまめ,,ねむりぐすり,のみとり,はなびら,ひとじち,ふっく,へりくつ,ほっとどっぐ,まどぎわ,みなと,むちゅう,めつぶし,もばいる,やどかり,ゆせいまじっく,よっとれーす,らむにく,りゆう,,れんあいしょうせつ,ろっかくけい,わな,,がっしょう,ぎんがてつどう,,,,,じゃり,,ぜんら,,だっしゅつ,,でんぐりがえり,どらいばー,ばね,びようし,ぶるーべりーたると,べるぎーわっふる,ぼち,ぱらぱらまんが,,ぷろぽーず,,
あみ,いち,うらしまたろう,えもじ,おにごっこ,かなあみ,きょう,くりーむしちゅー,けむし,こびと,さふぁりぱーく,しゃちょう,すのーぼーど,せれぶ,そばかす,たて,ちゃくち,つまようじ,てまねき,とびだし,なまえ,にもうさく,,ねむりひめ,のみみず,はなみ,ひとで,ふっそ,へりこぷたー,ほっとぷれーと,まどれーぬ,みなとまち,むつごろう,めづまり,もふく,やどぬし,ゆたかさ,よっぱらい,らむね,りゅうぐうじょう,,れんが,ろっきーさんみゃく,わなげ,,がっそう,ぎんがみ,,,,,じゃんぐる,,ぜんりょう,,だっしゅぼーど,,でんげき,どらいぶ,ばばぁ,びょうしつ,ぶるーらいと,べるさいゆ,ぼつ,ぱらめーたー,,ぷろぽりす,,
あみど,いちがつ,うらない,えもの,おねしょ,かに,きょういく,くりーむそーだ,けむり,こぶ,さべつ,しゃつ,すぱい,せろはんてーぷ,そばつゆ,たてぶえ,ちゃっく,つみ,てみやげ,とびばこ,なまがし,にもつ,,ねらい,のみむし,はなみず,ひとで,ふで,へりぽーと,ほてる,まなざし,みなみ,むっつ,めでぃあ,もみじ,やどや,ゆたんぽ,よてい,らむねがし,りゅうけつ,,れんきゅう,ろっく,わに,,がったい,ぎんがむちぇっく,,,,,じゃんぐるじむ,,ぜんりょく,,だっすい,,でんし,どらいふるーつ,ばばろあ,びようしつ,ぶるーれいでぃすく,べると,ぼっくす,ぱらりんぴっく,,ぷろもーしょんびでお,,
あめ,いちば,うらないし,えら,おの,かぬー,きょうかしょ,くりすたる,けもの,こぶし,さまー,しゃったー,すぱいす,せろり,そふ,たてもの,ちゃり／ちゃりんこ,つみき,てもと,とびら,なまくりーむ,にもの,,ねらいうち,のみもの,はなよめ,ひとねむり,ふでばこ,へるすけあ,ほどう,まなつ,みにすかーと,むっつりすけべ,めとろのーむ,もみじまーく,やね,ゆっけ,よなか,らりー,りゅうこう,,れんげ,ろっくくらいみんぐ,わふうどれっしんぐ,,がっつぽーず,ぎんこう,,,,,じゃんぷ,,,,だっすいしょうじょう,,でんしじしょ,どらいやー,ばぶる,びょうしゃ,ぶるーれいれこーだー,べるとこんべあ／べるとこんべあー,ぼっしゅう,ぱられるわーるど,,ぷろやきゅう,,
あめ,いてざ,うらばなし,えらー,おば,かね,きょうし,くりすます,けらい,こぶちゃ,さむさ,しゅう,すぱげってぃ,せわ,そふぁー,たとえばなし,ちゃんす,つみに,てら,とまと,なまけもの,にゅういんりょう,,ねり,のみや,はね,ひとみ,ふとうこう,へるにあ,ほとけ,まにゅある,みにちゅあ,むてき,めにゅー,もめごと,やねうら,ゆでじる,よのなか,らんおう,りゅうこうご,,れんけい,ろっこつ,わめきごえ,,がっぺい,ぎんこうこうざ,,,,,じゅう,,,,だっそう,,でんじは,どらきゅら,ばら,びようせいけい,ぶるどーざー,べるまーく,ぼったくり,ぱり,,ぷろれす,,
あめりかがっしゅうこく,いと,うらびょうし,えり,おばけ,かび,きょうしつ,くりすますいぶ,けり,こべや,さむらい,しゅうじ,すぴーかー,せんい,そふと,たな,ちゃんねる,つむじ,てらす,とまとけちゃっぷ,なまこ,にゅうかい,,ねりもの,のやま,はねだくうこう,ひとめぼれ,ふとんかばー,へるぱー,ほととぎす,まね,みにちゅあだっくすふんど,むなげ,めぶんりょう,もめんどうふ,やねうらべや,ゆでたまご,よはく,らんきんぐ,りゅうしゅつ,,れんけつ,ろっじ,わら,,がにまた,ぎんこうてすうりょう,,,,,じゅうしょ,,,,だっぴ,,でんしまねー,どらくえ,ばらいろ,びようせんもんがっこう,ぶるどっぐ,べるりんのかべ,ぼでぃー／ぼでぃ,ぱりじぇんぬ,,ぷろれすらー,,
あやとり,いど,うらみち,えりあ,おはじき,かふぇ,きょうそう,くりすますけーき,けんか,こぼね,さめ,しゅうまい,すぴーち,せんきょ,そふとくりーむ,たなばた,ちゅうい,つめ,てりとりー,とまり,なまちょこれーと,にゅうがく,,ねんがじょう,のらいぬ,はは,ひとりごと,ふとんたたき,へるぷ,ほにゅうるい,まねきねこ,みにとまと,むなさわぎ,めまい,もも,やぶ,ゆどうふ,よび,らんく,りゅうつう,,れんこう,ろって,わらいごえ,,がびょう,ぎんざ,,,,,じゅうりょく,,,,だっふるこーと,,でんしゃ,どらっぐ,ばらえてぃ,びょうそく,ぶれいく,べれーぼう,ぼでぃーがーど,ぱるめざんちーず,,ぷろろーぐ,,
あゆ,いなか,うらめ,えりーと,おひたし,かふぇおれ,きょうだい,くりっぷ,けんきゅう,こま,さゆう,しゅうまつ,すぴーど,せんげつ,そふとてにす,たにま,ちゅうおう,つめあと,てりやき,とも,なみ,にゅうぎゅう,,ねんがっぴ,のらねこ,はぶらし,ひなた,ふな,へるぺす,ほね,まふゆ,みにぶた,むなもと,めも,ももいろ,やふー,ゆとりきょういく,よびごえ,らんけーぶる,りゅうぼく,,れんさい,ろでお,わらいばなし,,がぶのみ,ぎんせい,,,,,じゅぎょう,,,,だてめがね,,でんしゃごっこ,どらっぐすとあ,ばらんす,びょうとう,ぶれーき,べろ,ぼとる,ぱれーど,,,,
あらーむ,いぬ,うらわざ,えりんぎ,おひな さま,かぶとむし,きょうと,くるぶし,けんけつ,こまーしゃる,さより,しゅくだい,すふぃんくす,せんご,そふとどりんく,たぬき,ちゅうがえり,つめあわせ,てりやきばーがー,ともだち,なみだ,にゅうぼう,,ねんぐ,のり,はま,ひなたぼっこ,ふね,へるめっと,ほねぐみ,まほう,みねすとろーね,むにえる,めもちょう,ももたろう,やふおくどーむ,ゆにっとばす,よびだし,らんし,りゅっく,,れんじ,ろてんぶろ,わらじ,,がまがえる,ぎんせかい,,,,,じゅく,,,,だに,,でんしょう,どらま,ばりあ/ばりや,びょうどう,ぶれざー,べんがるとら,ぼにゅう,ぱれっと,,,,
あらし,いぬごや,うり,えれきぎたー,おふ,かふんしょう,きょうとう,くるぶしそっくす,けんこう,こまく,さら,しょうが,すぶた,せんごく,そふとばんく,たばこ,ちゅうがっこう,つめかえ,てりょうり,とら,なみだごえ,にゅーよーく,,ねんげつ,のり,はまべ,ひなにんぎょう,ふねんごみ,へれんけらー,ほのお,まむし,みねらるうぉーたー,むね,めもり,ももたろうでんてつ,やま,ゆにばーさるすたじお,よふかし,らんじぇりー,りょう,,れんじつ,ろとしっくす,わらしべちょうじゃ,,がまんくらべ,ぎんてーぷ,,,,,じょうき,,,,だぶるす,,でんしょく,どらまー,ばりき,びょうめい,ぶろー,べんき,ぼにゅういくじ,ぱわー,,,,
あられ,いね,うりあげ,えれべーたー,おぺら,かぼちゃ,きょうふ,くるま,けんこうほけんしょう,こみっく,さらだ,しょうがつ,すぺーすしゃとる,せんざい,そふとぼーる,たばすこ,ちゅうごく,つめきり,てれかくし,とらくたー,なみだめ,にゅーす,,ねんごう,のりあい,はむ,ひなまつり,ふはつ,へんか,ほはば,まめ,みのむし,むねにく,めもりー／めもり,ももにく,やまいも,ゆにふぉーむ,よほう,らんだむ,りよう,,れんしゃ,ろなるどだっく,わらにんぎょう,,がむ,ぎんば,,,,,じょうげ,,,,だぼく,,でんしょばと,どらむ,ばりとう,びょうよみ,ぶろーち,べんきょう,ぼにゅうぱっど,ぱわーあっぷ,,,,
あられ,いのち,うりいえ,えんか,おまいり,かまきり,きょうりゅう,くるまいす,けんさ,こむぎ,さらば,しょうがっこう,すべりだい,せんし,そふぼ,たびびと,ちゅうしゃ,つもり,てれぱしー,とらっく,なみぬい,にょいぼう,,ねんざ,のりおり,はむすたー,ひにち,ふぶき,へんかきゅう,ほびー,まめちしき,みばえ,むねやけ,めやす,ももんが,やまおく,ゆのみ,よぼう,らんち,りょうきんじょ,,れんしゅう,ろば,わらびもち,,がむてーぷ,ぎんぱく,,,,,じょうしき,,,,だみー,,でんしれんじ,どらやき,ばるぶ,びら,ぶろっく,べんきょうづくえ,ぼぶすれー,ぱわーはらすめんと,,,,
あり,いま,うりこ,えんかい,おむつ,かみ,きょく,くるまえび,けんさく,こむぎこ,さる,しょうゆ,すぽいと,せんしゅ,そぼ,たべもの,ちょう,つや,てれび,とらぶる,なみのり,にら,,ねんしょう,のりかえ,はもの,ひのき,ふほうとうき,へんくつ,ほほ／ほっぺ／ほっぺた,まよねーず,みはらし,むのう,めりーごーらんど,もやし,やまかじ,ゆび,よぼうちゅうしゃ,らんちたいむ,りょうせいばい,,れんしょう,ろびー,わりあい,,がようし,ぎんめだりすと,,,,,じょうたつ,,,,だむ,,でんしんばしら,どりーむ,ばれえ,びらくばり,ぶろっこりー,べんごし,ぼらんてぃあ,ぱんきじ,,,,
あるかりかんでんち,いみ,うりことば,えんき,おむらいす,かみきりむし,きょだい,くるまよい,けんじゃ,こむすめ,さるびあ,しらが,すぽーつせんしゅ,せんじょう,そまつ,たまご,ちょうこく,つゆ,てれびげーむ,とらんぷ,なむる,にらめっこ,,ねんすう,のりごこち,はやくちことば,ひばな,ふみきり,へんけい,ほほえみ,まらかす,みはり,むのうやく,めりはり,もやしっこ,やまがた,ゆびきり,よみうりてれび,らんちょんまっと,りょうせいるい,,れんず,ろぶすたー,わりあて,,がらあき,ぎんめだる,,,,,じょうば,,,,だめ,,でんせつ,どりぶる,ばれーぼーる,びりっけつ,ぶんか,べんごしじむしょ,ぼりゅーむ,ぱんく,,,,
あるこーるらんぷ,いも,うりち,えんぎ,おむれつ,かみなり,きょり,くるみ,けんしゅ,こめ,さわぎ,しり,すぽんじけーき,せんじょう,そむりえ,たまごやき,ちょうじょう,つよび,てろ,とらんぷ,ならいごと,にりんしゃ,,ねんだい,のりこし,はやし,ひび,ふゆ,へんこう,ほめことば,まりね,みぶり,むめんきょ,めれんげ,もよおし,やまぐち,ゆびさき,よみうりらんど,らんとう,りょうて,,れんそう,ろふと,わりこみ,,がらがらへび,ぎんめっき,,,,,じょうほう,,,,だりつ,,でんたく,どりょく,ばれりーな,びりやーど,ぶんかい,べんざ,ぼると,ぱんくいきょうそう,,,,
あるばむ,いもうと,うりて,えんきょり,おもり,かめ,きりえ,くれじっとかーど,けんすい,こめじるし,さんか,しりーず,すまい,せんす,そめもの,ためいき,ちょうしょく,つよみ,てわけ,とり,なるしすと,にわ,,ねんちゃく,のりしろ,はやしらいす,ひびき,ふゆやすみ,へんさい,ほらあな,まれーしあ,みまい,むゆうびょう,めんかい,もり,やまごや,ゆびずもう,よみかき,らんどせる,りょうり,,れんそうげーむ,ろぼっと,わるあがき,,がらくた,,,,,,じょぎんぐ,,,,だるま,,でんち,どりる,ばんぐみ,びりやーどだい,ぶんかさい,べんじょ,ぼろくそ,ぱんくず,,,,
あるぷす,いもけんぴ,うりば,えんげい,おや,かめら,きりぎりす,くれぱす,けんせつ,こめでぃー,さんかくけい,しりとり,すまいる,せんすい,そら,たらい,ちょうちょむすび,つら,てんき,とりあつかい,なると,にわかあめ,,ねんちゃくりょく,のりば,はやり,ひびわれ,ふようひん,へんじ,ほわいとからー,まわりみち,みみ,むよう,めんきょ,もり,やまとうんゆ,ゆびにんぎょう,よみち,らんどせるかばー,りょくちゃ,,れんぞく,ろまんす,わるぎ,,がらす,,,,,,じょし,,,,だんごむし,,でんちゅう,どりんく,ばんぐみひょう,びりゅうし,ぶんかつ,べんしょう,ぼろまけ,ぱんけーき,,,,
あるみ,いももち,うりぼう,えんげき,おやかた,かも,きれあじ,くろ,けんたっきー,こもじ,さんご,しる,すまほ,せんせい,そらいろ,たらこ,ちょうほうけい,つらら,てんぐ,とりかえっこ,なれーたー,にわかあめ,,ねんちょう,のりまき,はり,ひま,ふらい,へんしつしゃ,ほわいとちょこれーと,まんが,みみあか,むら,めんきょしょう,もりあわせ,やまとなでしこ,ゆびぶえ,よみもの,らんどりー,りょこう,,れんだ,ろまんちすと／ろまんてぃすと,わるくち,,がらすまど,,,,,,じょしかい,,,,だんし,,でんでんむし,どる,ばんごう,びる,ぶんし,べんち,ぼろもうけ,ぱんこ,,,,
あろえ,いりぐち,うりもの,えんじいろ,おやこ,からあげ,きろく,くろこしょう,けんだま,こもの,さんこうしょ,しろ,すみ,せんぞ,そらまめ,たらばがに,ちょうりし,つり,てんこう,とりかご,なわ,にわとり,,ねんど,のりもの,はりがね,ひまわり,ふらんす,へんしゅう,ほわいとでー,まんがか,みみず,むらさきいも,めんせき,もりつけ,やまなし,ゆびわ,よめ,らんなー,りょこうがいしゃ,,れんたかー,ろみおとじゅりえっと,わるだくみ,,がり,,,,,,じょせい,,,,だんじ,,でんとう,どるばこ,ばんこく,びわ,ぶんせき,べんちぷれす,ぼんおどり,ぱんじー,,,,
あろは,いるか,うるうどし,えんじぇる,おやこうこう,からおけ,きろぐらむ,くろこだいる,けんちく,こもりうた,さんすう,しろあり,すみ,せんたー,そらみみ,たれんと,ちょーく,つりー,てんこうせい,とりごや,なわとび,にんき,,ねんど,のりものよい,はりがみ,ひみつ,ふり,へんしゅうちょう,ほんき,まんげつ,みみたぶ,むらさきいろ,めんたいこ,もるもっと,やまびこ,ゆみ,よめい,らんにゅう,りらっくす,,れんたる,ろむ,わるぢえ,,がりばーりょこうき,,,,,,じわれ,,,,だんす,,でんどうはぶらし,どれい,ばんじーじゃんぷ,びわこ,ぶんちょう,べんつ,ぼんさい,ぱんだ,,,,
あろま,いわ,うるし,えんじにあ,おやじ,からし,きろめーとる,くろごま,けんちょう,こや,さんせい,しろくま,すみび,せんたく,そると,たろっとかーど,ちょき,つりいと,てんごく,とりにく,なんきょく,にんきもの,,ねんどまつ,のるうぇー,はりねずみ,ひやしんす,ふるーつ,へんしゅうぶ,ほんじつ,まんごー,みみんぜみ,むらさききゃべつ,めんたる,もんく,やまんば,ゆみや,よもぎ,らんにんぐ,りれー,,れんたるびでお,ろめんでんしゃ,わるのり,,がれーじ,,,,,,じんこう,,,,だんせい,,でんぱ,どれす,ばんず,びんかんはだ,ぶんつう,べんとう,ぼんち,ぱんち,,,,
あわ,いわて,うわさ,えんしゅうりつ,おやつ,からす,きんかい,くろねこ,けんどう,こやく,さんそ,しわ,すみれ,せんたく,そろ,たわー,ちょこれーと,つりかわ,てんし,とれーにんぐ,なんこつ,にんぎょ,,ねんね,のろい,はる,ひややっこ,ふるーつじゅーす,へんしょく,ほんしゅう,まんじゅう,みらー,むらさきしきぶ,めんちかつ,もんごる,やみ,ゆめ,よやく,らんにんぐこーす,りんぎょう,,れんちゅう,ろりーた,わるふざけ,,がんか,,,,,,じんこうこきゅう,,,,だんたい,,でんぴょう,どろ,ばんだな,びんご,ぶんどき,べんとうだい,ぼんど,ぱんちぱーま,,,,
あわび,いんく,うわばき,えんそく,おり,からだ,きんぐ,くろひげ,けんにょう,こゆび,さんたくろーす,しんごう,すもう,せんたくき,そろばんきょうしつ,たんくろーりー,ちょこれーとけーき,つりざお,てんたいかんそく,とんかつ,なんすい,にんぎょう,,ねんぶつ,,はろーきてぃ,ひょう,ふるーつたると,へんずつう,ほんしょう,まんと,みらい,むらはずれ,めんつ,もんじゃやき,やもり,ゆめものがたり,よゆう,らんにんぐしゃつ,りんご,,れんどう,ろれっくす,わるよい,,がんせき,,,,,,じんじゃ,,,,だんち,,でんぷんしつ,どろっぷ,ばんち,びんごたいかい,ぶんべつ,べんとうばこ,ぼんねっと,ぱんつ,,,,
あんけーと,いんこ,うんち,えんちょう,おれい,かるた,きんこ,くろひょう,けんびきょう,こらむ,さんだる,しんじつ,すもも,せんとう,そんぐ,たんじょうび,ちょっかく,つりばし,てんちょう,とんこつ,なんにょ,にんぎょうげき,,ねんまく,,はろーわーく,ひょうし,ふるーつぽんち,へんそう,ほんだな,まんとひひ,みるく,むらびと,めんてなんす,もんしょう,やよいじだい,ゆらい,よりみち,らんにんぐしゅーず,りんごあめ,,れんにゅう,ろんぐ,われ,,がんそ,,,,,,じんじゃーえーる,,,,だんな,,でんまーく,どろぼう,ばんど,びんづめ,ぶんぼうぐ,べんとうや,ぼんのう,ぱんてぃー,,,,
あんちょび,いんたーねっと,うんてい,えんとつ,おわり,かれー,きんにく,くろまぐろ,けんぶつ,こるく,さんどいっち,しんせき,すらいむ,せんとう,そんけい,たんす,ちりとり,つりばり,てんつゆ,とんじる,なんぱ,にんじゃ,,ねんまつ,,はわい,ひらて,ふろ,へんたい,ほんね,まんねんひつ,みるくれーぷ,むらまつり,めんばー,もんすたー,やり,ゆり,よる,らんぱく,りんごじゅーす,,れんぱい,ろんぐしゅーと,わんぎり,,がんだむ,,,,,,じんせい,,,,だんぷかー,,でんりょく,どろみず,ばんぱー,びんてーじ,ぶんめい,べんぴ,ぼんべ,ぱんとまいむ,,,,
あんてい,いんたい,うんてんしゅ,えんぴつ,おんどく,かわ,きんようび,くろみつ,けんぽう,これくたー,さんば,しんぞう,すりっぱ,せんとう,そんごくう,たんぱくしつ,ちろるちょこ,つる,てんてき,とんねる,なんばー,にんたい,,ねんりき,,はんかち,ひらめ,ふろく,へんてこ,ほんばこ,まんぼう,みるふぃーゆ,むり,めんぼう,もんすたーはんたー,やんきー,ゆりかご,よろい,らんぷ,りんす,,れんぱつ,ろんぐすかーと,わんこそば,,がんばりや,,,,,,じんたい,,,,だんぼう,,でんわ,どんきほーて,ばんばんじー,びんぼう,ぶんり,べんぴしょう,ぼんみす,ぱんなこった,,,,
あんてな,いんど,うんてんめんきょしょう,えんぴつけずり,おんな,かんそう,きーほるだー,くわ,けんぽうきねんび,ころっけ,さんぽ,しんど,すりる,せんぷうき,そんざい,たんぼ,ちわわ,つるぎ,てんぷら,とんび,なんばんづけ,にんにく,,ねんりょう,,はんこ,ひるやすみ,ふんか,へんどう,ほんもの,まんぽけい,みんか,むりょう,めんま,もんだい,やんきーす,ゆりかもめ,よわね,らんぼう,りんち,,れんらく,ろんぐせらー,わんたんすーぷ,,がんばんよく,,,,,,じんぶつ,,,,だんぼーる,,でんわき,どんぐり,ばんび,びんぼうがみ,ぶんりょう,べんりぐっず,ぼんやすみ,ぱんふれっと,,,,
あんない,いんふるえんざ,うんどうかい,えんぽうぎょうし,おんぷ,かんむり,きーわーど,くわがた／くわがたむし,けんり,ころも,さんま,しんぶんし,するめ,せんろ,そんちょう,たんまつ,ちんぱんじー,つるのおんがえし,てんめつ,とんぼ,なんぼく,にんぷ,,ねんれい,,,ひんと,,へんぺいそく,ほんや,まんもす,みんと,むれ,めんるい,もんだいじ,やんちゃ,ゆれ,よわび,らんよう,りんどう,,れんらくもう,ろんぐへあ／ろんげ,わんぴーす,,がんもどき,,,,,,じんめい,,,,だんろ,,でんわばんごう,どんぶり,ばんめし,びんぼうゆすり,ぶんるい,べんりや,ぼんれすはむ,ぱんや,,,,
,,うんどうじょう,,,,,,,,,,,,,,ちんこ,,,,,,,,,,,,,,,,,,,,,,,,,,,,,,,,,,,,,,,,,,,,,,,,,,,,